{
    "plane": {
        "3": [
            0.16169443726539612,
            0.8331111073493958
        ],
        "5": [
            0.3235555589199066,
            0.925694465637207
        ],
        "7": [
            0.6720555424690247,
            0.9891111254692078
        ],
        "9": [
            0.8759166598320007,
            0.9990555644035339
        ],
        "16": [
            0.9999444484710693,
            1.0
        ]
    },
    "car": {
        "3": [
            0.014972222037613392,
            0.5625277757644653
        ],
        "5": [
            0.25866666436195374,
            0.9155555367469788
        ],
        "7": [
            0.5921666622161865,
            0.9835555553436279
        ],
        "9": [
            0.8113333582878113,
            0.9992777705192566
        ],
        "16": [
            0.9998611211776733,
            1.0
        ]
    },
    "bird": {
        "3": [
            0.2199999988079071,
            0.8621388673782349
        ],
        "5": [
            0.35358333587646484,
            0.9208055734634399
        ],
        "7": [
            0.7502222061157227,
            0.9919722080230713
        ],
        "9": [
            0.9277777671813965,
            0.9997222423553467
        ],
        "16": [
            0.999833345413208,
            1.0
        ]
    }
}